Campaign,Ad Group,Keyword,Match Type,Max CPC,Final URL
A1 Handyman - Westchester - Urgency,Same-Day / Emergency,same day handyman,Phrase,8.00,https://a1prohandyman.com/westchester-handyman.html
A1 Handyman - Westchester - Urgency,Same-Day / Emergency,same day handyman,Exact,9.00,https://a1prohandyman.com/westchester-handyman.html
A1 Handyman - Westchester - Urgency,Same-Day / Emergency,same day handyman near me,Phrase,8.00,https://a1prohandyman.com/westchester-handyman.html
A1 Handyman - Westchester - Urgency,Same-Day / Emergency,emergency handyman,Phrase,8.00,https://a1prohandyman.com/westchester-handyman.html
A1 Handyman - Westchester - Urgency,Same-Day / Emergency,emergency handyman,Exact,9.00,https://a1prohandyman.com/westchester-handyman.html
A1 Handyman - Westchester - Urgency,Same-Day / Emergency,emergency handyman near me,Phrase,8.00,https://a1prohandyman.com/westchester-handyman.html
A1 Handyman - Westchester - Urgency,Same-Day / Emergency,handyman available today,Phrase,8.00,https://a1prohandyman.com/westchester-handyman.html
A1 Handyman - Westchester - Urgency,Same-Day / Emergency,same day home repair,Phrase,7.00,https://a1prohandyman.com/westchester-handyman.html
A1 Handyman - Westchester - Urgency,Same-Day / Emergency,urgent handyman,Phrase,7.00,https://a1prohandyman.com/westchester-handyman.html
A1 Handyman - Westchester - Urgency,Same-Day / Emergency,handyman near me,Phrase,7.00,https://a1prohandyman.com/westchester-handyman.html
A1 Handyman - Westchester - Urgency,High-Value Repairs,drywall repair near me,Phrase,7.00,https://a1prohandyman.com/drywall-repair.html
A1 Handyman - Westchester - Urgency,High-Value Repairs,drywall repair,Exact,7.00,https://a1prohandyman.com/drywall-repair.html
A1 Handyman - Westchester - Urgency,High-Value Repairs,ceiling repair,Phrase,6.00,https://a1prohandyman.com/drywall-repair.html
A1 Handyman - Westchester - Urgency,High-Value Repairs,water damage repair,Phrase,7.00,https://a1prohandyman.com/drywall-repair.html
A1 Handyman - Westchester - Urgency,High-Value Repairs,door repair near me,Phrase,6.00,https://a1prohandyman.com/door-window-repair.html
A1 Handyman - Westchester - Urgency,High-Value Repairs,window repair near me,Phrase,6.00,https://a1prohandyman.com/door-window-repair.html
A1 Handyman - Westchester - Urgency,High-Value Repairs,door installation,Phrase,6.00,https://a1prohandyman.com/door-window-repair.html
A1 Handyman - Westchester - Urgency,High-Value Repairs,home repair services,Phrase,6.00,https://a1prohandyman.com/services.html
A1 Handyman - Westchester - Urgency,High-Value Repairs,handyman for repairs,Phrase,6.00,https://a1prohandyman.com/services.html
A1 Handyman - Westchester - Urgency,High-Value Repairs,carpentry repair near me,Phrase,6.00,https://a1prohandyman.com/services.html
