Campaign,Keyword,Match Type
A1 Handyman - Westchester - Urgency,diy,Phrase
A1 Handyman - Westchester - Urgency,how to,Phrase
A1 Handyman - Westchester - Urgency,tutorial,Phrase
A1 Handyman - Westchester - Urgency,youtube,Phrase
A1 Handyman - Westchester - Urgency,video,Phrase
A1 Handyman - Westchester - Urgency,jobs,Phrase
A1 Handyman - Westchester - Urgency,job,Phrase
A1 Handyman - Westchester - Urgency,hiring,Phrase
A1 Handyman - Westchester - Urgency,career,Phrase
A1 Handyman - Westchester - Urgency,careers,Phrase
A1 Handyman - Westchester - Urgency,salary,Phrase
A1 Handyman - Westchester - Urgency,wage,Phrase
A1 Handyman - Westchester - Urgency,apprentice,Phrase
A1 Handyman - Westchester - Urgency,resume,Phrase
A1 Handyman - Westchester - Urgency,part time,Phrase
A1 Handyman - Westchester - Urgency,license,Phrase
A1 Handyman - Westchester - Urgency,licensing,Phrase
A1 Handyman - Westchester - Urgency,certification,Phrase
A1 Handyman - Westchester - Urgency,training,Phrase
A1 Handyman - Westchester - Urgency,course,Phrase
A1 Handyman - Westchester - Urgency,school,Phrase
A1 Handyman - Westchester - Urgency,classes,Phrase
A1 Handyman - Westchester - Urgency,cheap,Phrase
A1 Handyman - Westchester - Urgency,free,Phrase
A1 Handyman - Westchester - Urgency,rental,Phrase
A1 Handyman - Westchester - Urgency,rent,Phrase
A1 Handyman - Westchester - Urgency,for rent,Phrase
A1 Handyman - Westchester - Urgency,home depot,Phrase
A1 Handyman - Westchester - Urgency,lowes,Phrase
A1 Handyman - Westchester - Urgency,taskrabbit,Phrase
A1 Handyman - Westchester - Urgency,thumbtack,Phrase
A1 Handyman - Westchester - Urgency,angi,Phrase
A1 Handyman - Westchester - Urgency,angies list,Phrase
A1 Handyman - Westchester - Urgency,franchise,Phrase
A1 Handyman - Westchester - Urgency,wanted,Phrase
A1 Handyman - Westchester - Urgency,tv mount,Phrase
A1 Handyman - Westchester - Urgency,tv mounting,Phrase
A1 Handyman - Westchester - Urgency,mount tv,Phrase
A1 Handyman - Westchester - Urgency,furniture assembly,Phrase
A1 Handyman - Westchester - Urgency,assemble,Phrase
A1 Handyman - Westchester - Urgency,ikea,Phrase
A1 Handyman - Westchester - Urgency,picture hanging,Phrase
A1 Handyman - Westchester - Urgency,hang shelf,Phrase
A1 Handyman - Westchester - Urgency,parts,Phrase
A1 Handyman - Westchester - Urgency,manual,Phrase
